<?xml version="1.0" encoding="UTF-8"?>
<manifest identifier="MANIFEST-001" version="1.0"
    xmlns="http://www.imsproject.org/xsd/imscp_rootv1p1p2"
    xmlns:adlcp="http://www.adlnet.org/xsd/adlcp_rootv1p2"
    xmlns:xsi="http://www.w3.org/2001/XMLSchema-instance"
    xsi:schemaLocation="http://www.imsproject.org/xsd/imscp_rootv1p1p2
    imscp_rootv1p1p2.xsd
    http://www.adlnet.org/xsd/adlcp_rootv1p2
    adlcp_rootv1p2.xsd">
  <organizations default="ORG-1">
    <organization identifier="ORG-1" structure="hierarchical">
      <title>SCORM Player Demo</title>
      <item identifier="ITEM-1" identifierref="RES-1" isvisible="true">
        <title>Demo SCO</title>
      </item>
    </organization>
  </organizations>
  <resources>
    <resource identifier="RES-1" type="webcontent" adlcp:scormtype="sco" href="index.html">
      <file href="index.html" />
      <file href="scorm_api_wrapper.js" />
      <file href="player.js" />
      <file href="styles.css" />
    </resource>
  </resources>
</manifest>
